{
  "train_loss": [
    0.17653027874097227,
    0.0682384810392186,
    0.05213499978205189,
    0.04107338888318278,
    0.03547253921053372
  ],
  "val_loss": [
    0.057817135762795804,
    0.0402650502555538,
    0.042972949290648106,
    0.03433334817988798,
    0.0358000488767284
  ],
  "train_acc": [
    0.94626,
    0.97954,
    0.98334,
    0.98718,
    0.98888
  ],
  "val_acc": [
    0.9821,
    0.9866,
    0.9868,
    0.9895,
    0.9884
  ]
}